name,domain,description
Acme Corporation,acme.com,Leading provider of innovative solutions
Widget Industries,widget.io,Global widget manufacturer
TechStart Inc,techstart.net,Technology startup accelerator
Global Solutions,globalsol.com,International consulting firm
DataFlow Systems,dataflow.io,Data integration platform
CloudBridge,cloudbridge.net,Cloud infrastructure services
SecureAuth,secureauth.com,Authentication and security solutions
NextGen Analytics,nextgen-analytics.io,Business intelligence platform
ConnectHub,connecthub.com,Unified communications platform
InnovateLabs,innovatelabs.io,Research and development firm
